country,year,predicted_temperature
AFG,2015,13.426822
AFG,2016,13.4762
AFG,2017,13.525583
AFG,2018,13.575004
AFG,2019,13.625549
AFG,2020,13.676588
AFG,2021,13.727625
AFG,2022,13.77866
AFG,2023,13.829699
AFG,2024,13.880741
AFG,2025,13.937173
ALB,2015,13.587444
ALB,2016,13.654876
ALB,2017,13.722307
ALB,2018,13.789741
ALB,2019,13.857175
ALB,2020,13.924604
ALB,2021,13.992041
ALB,2022,14.059475
ALB,2023,14.126908
ALB,2024,14.194876
ALB,2025,14.263273
DZA,2015,24.374306
DZA,2016,24.42172
DZA,2017,24.46914
DZA,2018,24.516548
DZA,2019,24.564993
DZA,2020,24.61405
DZA,2021,24.663103
DZA,2022,24.712147
DZA,2023,24.761206
DZA,2024,24.810251
DZA,2025,24.85932
AGO,2015,22.368515
AGO,2016,22.430096
AGO,2017,22.491682
AGO,2018,22.553246
AGO,2019,22.614828
AGO,2020,22.676405
AGO,2021,22.738731
AGO,2022,22.797398
AGO,2023,22.856062
AGO,2024,22.914736
AGO,2025,22.973392
AND,2015,7.8464675
AND,2016,7.904981
AND,2017,7.9635344
AND,2018,8.024235
AND,2019,8.085698
AND,2020,8.147521
AND,2021,8.211841
AND,2022,8.280571
AND,2023,8.349412
AND,2024,8.418452
AND,2025,8.4874935
ASM,2015,27.141068
ASM,2016,27.178995
ASM,2017,27.216932
ASM,2018,27.255053
ASM,2019,27.293495
ASM,2020,27.331923
ASM,2021,27.370409
ASM,2022,27.408998
ASM,2023,27.447586
ASM,2024,27.486176
ASM,2025,27.524775
AIA,2015,26.430492
AIA,2016,26.449465
AIA,2017,26.468431
AIA,2018,26.490553
AIA,2019,26.520523
AIA,2020,26.550583
AIA,2021,26.581417
AIA,2022,26.622185
AIA,2023,26.666798
AIA,2024,26.711418
AIA,2025,26.75602
ATG,2015,26.42363
ATG,2016,26.44601
ATG,2017,26.46839
ATG,2018,26.490774
ATG,2019,26.522741
ATG,2020,26.564384
ATG,2021,26.611818
ATG,2022,26.659248
ATG,2023,26.706684
ATG,2024,26.754118
ATG,2025,26.801722
EGY,2015,23.575296
EGY,2016,23.616117
EGY,2017,23.656927
EGY,2018,23.69775
EGY,2019,23.738573
EGY,2020,23.77939
EGY,2021,23.820848
EGY,2022,23.866156
EGY,2023,23.916782
EGY,2024,23.967869
EGY,2025,24.018946
ABW,2015,26.848919
ABW,2016,26.87729
ABW,2017,26.907484
ABW,2018,26.93766
ABW,2019,26.967836
ABW,2020,26.99802
ABW,2021,27.028198
ABW,2022,27.058378
ABW,2023,27.0901
ABW,2024,27.123455
ABW,2025,27.156822
ARG,2015,15.030793
ARG,2016,15.07504
ARG,2017,15.119284
ARG,2018,15.16352
ARG,2019,15.207767
ARG,2020,15.256451
ARG,2021,15.30933
ARG,2022,15.36221
ARG,2023,15.415095
ARG,2024,15.467978
ARG,2025,15.520869
ARM,2015,6.966773
ARM,2016,7.0046163
ARM,2017,7.043451
ARM,2018,7.087612
ARM,2019,7.134083
ARM,2020,7.1951756
ARM,2021,7.2594457
ARM,2022,7.3266582
ARM,2023,7.3965254
ARM,2024,7.4701695
ARM,2025,7.54507
AUS,2015,22.594162
AUS,2016,22.649288
AUS,2017,22.704397
AUS,2018,22.759521
AUS,2019,22.814642
AUS,2020,22.86976
AUS,2021,22.924881
AUS,2022,22.978441
AUS,2023,23.028332
AUS,2024,23.078226
AUS,2025,23.12814
AUT,2015,7.235958
AUT,2016,7.2928667
AUT,2017,7.347579
AUT,2018,7.4013467
AUT,2019,7.4540124
AUT,2020,7.5055647
AUT,2021,7.5568275
AUT,2022,7.608093
AUT,2023,7.659357
AUT,2024,7.7098665
AUT,2025,7.769058
AZE,2015,12.886339
AZE,2016,12.935882
AZE,2017,12.985421
AZE,2018,13.039763
AZE,2019,13.095461
AZE,2020,13.152763
AZE,2021,13.216632
AZE,2022,13.281468
AZE,2023,13.348565
AZE,2024,13.415704
AZE,2025,13.48372
BGD,2015,26.10373
BGD,2016,26.122572
BGD,2017,26.141249
BGD,2018,26.160416
BGD,2019,26.179823
BGD,2020,26.19923
BGD,2021,26.223127
BGD,2022,26.256863
BGD,2023,26.292297
BGD,2024,26.32775
BGD,2025,26.36635
BHR,2015,26.99451
BHR,2016,27.033102
BHR,2017,27.071701
BHR,2018,27.110289
BHR,2019,27.148895
BHR,2020,27.18748
BHR,2021,27.226074
BHR,2022,27.265894
BHR,2023,27.313488
BHR,2024,27.365494
BHR,2025,27.417498
BRB,2015,26.973665
BRB,2016,26.99579
BRB,2017,27.017406
BRB,2018,27.03902
BRB,2019,27.06062
BRB,2020,27.083961
BRB,2021,27.110065
BRB,2022,27.137836
BRB,2023,27.168537
BRB,2024,27.199247
BRB,2025,27.229969
BEL,2015,10.561178
BEL,2016,10.624824
BEL,2017,10.692582
BEL,2018,10.760737
BEL,2019,10.830077
BEL,2020,10.899414
BEL,2021,10.970502
BEL,2022,11.04182
BEL,2023,11.113549
BEL,2024,11.185306
BEL,2025,11.25706
BLR,2015,7.855418
BLR,2016,7.930592
BLR,2017,8.009173
BLR,2018,8.087855
BLR,2019,8.166745
BLR,2020,8.246863
BLR,2021,8.32727
BLR,2022,8.406907
BLR,2023,8.486377
BLR,2024,8.5662775
BLR,2025,8.646359
BLZ,2015,25.640423
BLZ,2016,25.665419
BLZ,2017,25.690416
BLZ,2018,25.715408
BLZ,2019,25.740421
BLZ,2020,25.774343
BLZ,2021,25.808252
BLZ,2022,25.842175
BLZ,2023,25.876087
BLZ,2024,25.910002
BLZ,2025,25.943924
BEN,2015,28.027712
BEN,2016,28.05859
BEN,2017,28.089462
BEN,2018,28.120342
BEN,2019,28.151232
BEN,2020,28.182106
BEN,2021,28.212994
BEN,2022,28.243881
BEN,2023,28.274755
BEN,2024,28.305643
BEN,2025,28.341627
BMU,2015,22.507925
BMU,2016,22.552837
BMU,2017,22.599888
BMU,2018,22.647966
BMU,2019,22.69691
BMU,2020,22.745855
BMU,2021,22.79481
BMU,2022,22.84375
BMU,2023,22.892706
BMU,2024,22.941647
BMU,2025,22.990585
BTN,2015,10.066251
BTN,2016,10.101777
BTN,2017,10.137296
BTN,2018,10.172821
BTN,2019,10.20837
BTN,2020,10.243928
BTN,2021,10.282543
BTN,2022,10.335064
BTN,2023,10.391553
BTN,2024,10.454975
BTN,2025,10.524692
BES,2015,26.909517
BES,2016,26.927423
BES,2017,26.945335
BES,2018,26.965496
BES,2019,26.99441
BES,2020,27.025852
BES,2021,27.059616
BES,2022,27.093718
BES,2023,27.132164
BES,2024,27.170523
BES,2025,27.208876
BIH,2015,11.109124
BIH,2016,11.170767
BIH,2017,11.232411
BIH,2018,11.294056
BIH,2019,11.355698
BIH,2020,11.417344
BIH,2021,11.479205
BIH,2022,11.542736
BIH,2023,11.606454
BIH,2024,11.670167
BIH,2025,11.733885
BOL,2015,20.7803
BOL,2016,20.811434
BOL,2017,20.843697
BOL,2018,20.87931
BOL,2019,20.914927
BOL,2020,20.950537
BOL,2021,20.986149
BOL,2022,21.021765
BOL,2023,21.057133
BOL,2024,21.091953
BOL,2025,21.127693
BRA,2015,25.386688
BRA,2016,25.418892
BRA,2017,25.45235
BRA,2018,25.4858
BRA,2019,25.528631
BRA,2020,25.574387
BRA,2021,25.621176
BRA,2022,25.667955
BRA,2023,25.714737
BRA,2024,25.76152
BRA,2025,25.808311
BVT,2015,-0.24895562
BVT,2016,-0.22966991
BVT,2017,-0.21038382
BVT,2018,-0.19109751
BVT,2019,-0.1550998
BVT,2020,-0.123153135
BVT,2021,-0.08854662
BVT,2022,-0.04315862
BVT,2023,0.004765764
BVT,2024,0.060894743
BVT,2025,0.1291541
BWA,2015,22.343216
BWA,2016,22.37863
BWA,2017,22.414055
BWA,2018,22.449474
BWA,2019,22.485106
BWA,2020,22.525852
BWA,2021,22.566605
BWA,2022,22.607355
BWA,2023,22.648108
BWA,2024,22.690943
BWA,2025,22.734734
BRN,2015,26.15867
BRN,2016,26.189198
BRN,2017,26.219723
BRN,2018,26.25026
BRN,2019,26.282433
BRN,2020,26.316631
BRN,2021,26.351345
BRN,2022,26.387087
BRN,2023,26.422808
BRN,2024,26.458548
BRN,2025,26.496647
IOT,2015,26.793238
IOT,2016,26.832968
IOT,2017,26.872694
IOT,2018,26.91243
IOT,2019,26.95215
IOT,2020,26.991884
IOT,2021,27.03161
IOT,2022,27.071344
IOT,2023,27.11118
IOT,2024,27.152277
IOT,2025,27.193134
VGB,2015,26.358591
VGB,2016,26.37666
VGB,2017,26.394754
VGB,2018,26.41284
VGB,2019,26.43013
VGB,2020,26.447176
VGB,2021,26.467648
VGB,2022,26.493965
VGB,2023,26.525045
VGB,2024,26.563896
VGB,2025,26.60275
BDI,2015,20.853373
BDI,2016,20.900139
BDI,2017,20.946918
BDI,2018,20.993696
BDI,2019,21.040415
BDI,2020,21.091621
BDI,2021,21.142832
BDI,2022,21.194035
BDI,2023,21.245241
BDI,2024,21.29645
BDI,2025,21.347658
BFA,2015,29.209734
BFA,2016,29.240713
BFA,2017,29.271717
BFA,2018,29.302715
BFA,2019,29.333704
BFA,2020,29.364702
BFA,2021,29.396418
BFA,2022,29.433336
BFA,2023,29.47215
BFA,2024,29.510975
BFA,2025,29.549803
BGR,2015,12.04636
BGR,2016,12.090684
BGR,2017,12.135009
BGR,2018,12.179337
BGR,2019,12.223792
BGR,2020,12.269206
BGR,2021,12.323941
BGR,2022,12.381858
BGR,2023,12.43978
BGR,2024,12.498906
BGR,2025,12.559272
CMR,2015,25.063345
CMR,2016,25.103739
CMR,2017,25.144136
CMR,2018,25.184528
CMR,2019,25.22493
CMR,2020,25.268593
CMR,2021,25.312336
CMR,2022,25.35808
CMR,2023,25.40958
CMR,2024,25.462439
CMR,2025,25.515299
CPV,2015,23.43593
CPV,2016,23.450916
CPV,2017,23.46744
CPV,2018,23.494705
CPV,2019,23.526316
CPV,2020,23.571716
CPV,2021,23.621738
CPV,2022,23.672348
CPV,2023,23.723305
CPV,2024,23.774279
CPV,2025,23.825254
KHM,2015,28.087116
KHM,2016,28.12937
KHM,2017,28.171621
KHM,2018,28.213888
KHM,2019,28.252924
KHM,2020,28.291906
KHM,2021,28.333902
KHM,2022,28.375904
KHM,2023,28.4179
KHM,2024,28.459904
KHM,2025,28.501902
CAF,2015,26.074419
CAF,2016,26.130924
CAF,2017,26.187433
CAF,2018,26.243933
CAF,2019,26.30046
CAF,2020,26.356974
CAF,2021,26.413494
CAF,2022,26.469873
CAF,2023,26.525509
CAF,2024,26.58271
CAF,2025,26.640257
CAN,2015,-3.6147676
CAN,2016,-3.6175482
CAN,2017,-3.6197984
CAN,2018,-3.6226118
CAN,2019,-3.626524
CAN,2020,-3.6304333
CAN,2021,-3.635234
CAN,2022,-3.6002946
CAN,2023,-3.5357792
CAN,2024,-3.4646442
CAN,2025,-3.3867598
CYM,2015,27.064447
CYM,2016,27.108526
CYM,2017,27.152622
CYM,2018,27.196707
CYM,2019,27.240797
CYM,2020,27.284895
CYM,2021,27.328981
CYM,2022,27.36979
CYM,2023,27.408243
CYM,2024,27.446686
CYM,2025,27.485147
CHL,2015,9.257496
CHL,2016,9.304715
CHL,2017,9.351942
CHL,2018,9.403302
CHL,2019,9.461462
CHL,2020,9.519776
CHL,2021,9.578115
CHL,2022,9.636548
CHL,2023,9.696282
CHL,2024,9.761744
CHL,2025,9.823871
CHN,2015,7.5870366
CHN,2016,7.6619515
CHN,2017,7.7388625
CHN,2018,7.815273
CHN,2019,7.8907895
CHN,2020,7.966304
CHN,2021,8.041821
CHN,2022,8.117334
CHN,2023,8.19285
CHN,2024,8.268367
CHN,2025,8.34388
TCD,2015,27.460857
TCD,2016,27.507933
TCD,2017,27.554996
TCD,2018,27.6023
TCD,2019,27.650417
TCD,2020,27.698511
TCD,2021,27.746624
TCD,2022,27.794733
TCD,2023,27.843668
TCD,2024,27.893063
TCD,2025,27.94246
CCK,2015,26.615908
CCK,2016,26.633091
CCK,2017,26.650274
CCK,2018,26.668331
CCK,2019,26.690119
CCK,2020,26.714981
CCK,2021,26.747337
CCK,2022,26.77969
CCK,2023,26.812033
CCK,2024,26.84439
CCK,2025,26.876749
COL,2015,24.403662
COL,2016,24.446487
COL,2017,24.489424
COL,2018,24.532358
COL,2019,24.575222
COL,2020,24.617273
COL,2021,24.659327
COL,2022,24.701385
COL,2023,24.743433
COL,2024,24.785492
COL,2025,24.82899
CXR,2015,26.55822
CXR,2016,26.578075
CXR,2017,26.599531
CXR,2018,26.621555
CXR,2019,26.643585
CXR,2020,26.667917
CXR,2021,26.691944
CXR,2022,26.715967
CXR,2023,26.74001
CXR,2024,26.767714
CXR,2025,26.79541
COG,2015,25.177992
COG,2016,25.220287
COG,2017,25.263617
COG,2018,25.304983
COG,2019,25.347363
COG,2020,25.391277
COG,2021,25.434343
COG,2022,25.478195
COG,2023,25.525187
COG,2024,25.572186
COG,2025,25.619184
COK,2015,25.031715
COK,2016,25.047626
COK,2017,25.063547
COK,2018,25.085546
COK,2019,25.107944
COK,2020,25.1347
COK,2021,25.163082
COK,2022,25.192
COK,2023,25.222567
COK,2024,25.253498
COK,2025,25.286026
COM,2015,25.470484
COM,2016,25.511816
COM,2017,25.553185
COM,2018,25.594576
COM,2019,25.635937
COM,2020,25.677326
COM,2021,25.718702
COM,2022,25.760073
COM,2023,25.801449
COM,2024,25.842825
COM,2025,25.8869
CRI,2015,23.542162
CRI,2016,23.572496
CRI,2017,23.602825
CRI,2018,23.633162
CRI,2019,23.663492
CRI,2020,23.693817
CRI,2021,23.723715
CRI,2022,23.762856
CRI,2023,23.805498
CRI,2024,23.848145
CRI,2025,23.890781
CUB,2015,25.695087
CUB,2016,25.747522
CUB,2017,25.799948
CUB,2018,25.852373
CUB,2019,25.904806
CUB,2020,25.957235
CUB,2021,26.009663
CUB,2022,26.062094
CUB,2023,26.11452
CUB,2024,26.168514
CUB,2025,26.22417
HRV,2015,12.992656
HRV,2016,13.054333
HRV,2017,13.116012
HRV,2018,13.177695
HRV,2019,13.23952
HRV,2020,13.301999
HRV,2021,13.362236
HRV,2022,13.421028
HRV,2023,13.480005
HRV,2024,13.538992
HRV,2025,13.59797
CUW,2015,26.94139
CUW,2016,26.97198
CUW,2017,27.012644
CUW,2018,27.05549
CUW,2019,27.098318
CUW,2020,27.141535
CUW,2021,27.189611
CUW,2022,27.237705
CUW,2023,27.287659
CUW,2024,27.339417
CUW,2025,27.391195
CYP,2015,21.045736
CYP,2016,21.106363
CYP,2017,21.173742
CYP,2018,21.241648
CYP,2019,21.309565
CYP,2020,21.377481
CYP,2021,21.445395
CYP,2022,21.513308
CYP,2023,21.58122
CYP,2024,21.649134
CYP,2025,21.717058
CZE,2015,9.536032
CZE,2016,9.612713
CZE,2017,9.689391
CZE,2018,9.766064
CZE,2019,9.8427105
CZE,2020,9.919179
CZE,2021,9.992549
CZE,2022,10.06568
CZE,2023,10.138806
CZE,2024,10.211971
CZE,2025,10.286793
CIV,2015,26.753595
CIV,2016,26.79053
CIV,2017,26.838192
CIV,2018,26.886892
CIV,2019,26.935617
CIV,2020,26.98433
CIV,2021,27.033895
CIV,2022,27.083942
CIV,2023,27.13399
CIV,2024,27.18403
CIV,2025,27.234087
COD,2015,24.619495
COD,2016,24.675905
COD,2017,24.731281
COD,2018,24.786652
COD,2019,24.840336
COD,2020,24.890266
COD,2021,24.940508
COD,2022,24.99077
COD,2023,25.041021
COD,2024,25.091269
COD,2025,25.141516
PRK,2015,8.023839
PRK,2016,8.093748
PRK,2017,8.166552
PRK,2018,8.239358
PRK,2019,8.312161
PRK,2020,8.384968
PRK,2021,8.457773
PRK,2022,8.530897
PRK,2023,8.604758
PRK,2024,8.678716
PRK,2025,8.7526
DJI,2015,28.60898
DJI,2016,28.646517
DJI,2017,28.68405
DJI,2018,28.723566
DJI,2019,28.763342
DJI,2020,28.80313
DJI,2021,28.84589
DJI,2022,28.888723
DJI,2023,28.931553
DJI,2024,28.974392
DJI,2025,29.019045
DMA,2015,25.797083
DMA,2016,25.81429
DMA,2017,25.831484
DMA,2018,25.848694
DMA,2019,25.868408
DMA,2020,25.8909
DMA,2021,25.919046
DMA,2022,25.953316
DMA,2023,25.990395
DMA,2024,26.028416
DMA,2025,26.067469
DNK,2015,9.513856
DNK,2016,9.573569
DNK,2017,9.633284
DNK,2018,9.693976
DNK,2019,9.756858
DNK,2020,9.820113
DNK,2021,9.883259
DNK,2022,9.94926
DNK,2023,10.016762
DNK,2024,10.08609
DNK,2025,10.157911
DOM,2015,24.46529
DOM,2016,24.495886
DOM,2017,24.526482
DOM,2018,24.557077
DOM,2019,24.587671
DOM,2020,24.6219
DOM,2021,24.65632
DOM,2022,24.69355
DOM,2023,24.73079
DOM,2024,24.768023
DOM,2025,24.808916
ECU,2015,21.43433
ECU,2016,21.47565
ECU,2017,21.516954
ECU,2018,21.558264
ECU,2019,21.599579
ECU,2020,21.640888
ECU,2021,21.682192
ECU,2022,21.723503
ECU,2023,21.76481
ECU,2024,21.806126
ECU,2025,21.847445
SLV,2015,26.355059
SLV,2016,26.39129
SLV,2017,26.427526
SLV,2018,26.463757
SLV,2019,26.499998
SLV,2020,26.536232
SLV,2021,26.572456
SLV,2022,26.608688
SLV,2023,26.644924
SLV,2024,26.681166
SLV,2025,26.717394
ERI,2015,27.28361
ERI,2016,27.311802
ERI,2017,27.339994
ERI,2018,27.368183
ERI,2019,27.396383
ERI,2020,27.42457
ERI,2021,27.45236
ERI,2022,27.481651
ERI,2023,27.516407
ERI,2024,27.553698
ERI,2025,27.593414
EST,2015,7.0568027
EST,2016,7.1243997
EST,2017,7.192746
EST,2018,7.262976
EST,2019,7.3333225
EST,2020,7.4036684
EST,2021,7.473156
EST,2022,7.543791
EST,2023,7.6159678
EST,2024,7.688148
EST,2025,7.7603254
GNQ,2015,24.30436
GNQ,2016,24.358566
GNQ,2017,24.412767
GNQ,2018,24.46634
GNQ,2019,24.514786
GNQ,2020,24.563213
GNQ,2021,24.611647
GNQ,2022,24.660065
GNQ,2023,24.708504
GNQ,2024,24.75693
GNQ,2025,24.805359
ETH,2015,23.746964
ETH,2016,23.785593
ETH,2017,23.824223
ETH,2018,23.865772
ETH,2019,23.909655
ETH,2020,23.953531
ETH,2021,23.999245
ETH,2022,24.047106
ETH,2023,24.094961
ETH,2024,24.14281
ETH,2025,24.191235
FRO,2015,7.6523256
FRO,2016,7.718942
FRO,2017,7.7858214
FRO,2018,7.847868
FRO,2019,7.9078155
FRO,2020,7.9683685
FRO,2021,8.030227
FRO,2022,8.092141
FRO,2023,8.145948
FRO,2024,8.194546
FRO,2025,8.246711
SWZ,2015,19.912663
SWZ,2016,19.940203
SWZ,2017,19.967756
SWZ,2018,19.995697
SWZ,2019,20.023977
SWZ,2020,20.052244
SWZ,2021,20.080526
SWZ,2022,20.110584
SWZ,2023,20.146088
SWZ,2024,20.184507
SWZ,2025,20.22606
FIN,2015,3.2696934
FIN,2016,3.3186677
FIN,2017,3.367498
FIN,2018,3.4216595
FIN,2019,3.4822443
FIN,2020,3.5414915
FIN,2021,3.5994353
FIN,2022,3.644953
FIN,2023,3.6937947
FIN,2024,3.750328
FIN,2025,3.8062315
FJI,2015,24.901207
FJI,2016,24.939991
FJI,2017,24.978777
FJI,2018,25.017576
FJI,2019,25.05637
FJI,2020,25.09521
FJI,2021,25.134811
FJI,2022,25.179312
FJI,2023,25.22345
FJI,2024,25.267067
FJI,2025,25.310692
FSM,2015,27.517069
FSM,2016,27.5487
FSM,2017,27.580341
FSM,2018,27.611973
FSM,2019,27.643612
FSM,2020,27.675022
FSM,2021,27.706318
FSM,2022,27.737614
FSM,2023,27.768906
FSM,2024,27.80037
FSM,2025,27.832006
ATF,2015,3.325522
ATF,2016,3.347577
ATF,2017,3.375471
ATF,2018,3.409749
ATF,2019,3.4440255
ATF,2020,3.4783032
ATF,2021,3.517456
ATF,2022,3.5655022
ATF,2023,3.6188052
ATF,2024,3.674835
ATF,2025,3.7263227
FRA,2015,12.238282
FRA,2016,12.303015
FRA,2017,12.369026
FRA,2018,12.435032
FRA,2019,12.501151
FRA,2020,12.567797
FRA,2021,12.634445
FRA,2022,12.7011
FRA,2023,12.767751
FRA,2024,12.834394
FRA,2025,12.902613
PYF,2015,25.771578
PYF,2016,25.78313
PYF,2017,25.794182
PYF,2018,25.805239
PYF,2019,25.816288
PYF,2020,25.830893
PYF,2021,25.854155
PYF,2022,25.886578
PYF,2023,25.92043
PYF,2024,25.95429
PYF,2025,25.99094
DEU,2015,10.0323105
DEU,2016,10.097655
DEU,2017,10.165182
DEU,2018,10.232982
DEU,2019,10.3013735
DEU,2020,10.369822
DEU,2021,10.439812
DEU,2022,10.51021
DEU,2023,10.580659
DEU,2024,10.651112
DEU,2025,10.7223625
GAB,2015,25.062777
GAB,2016,25.111961
GAB,2017,25.16116
GAB,2018,25.210697
GAB,2019,25.258156
GAB,2020,25.302183
GAB,2021,25.346218
GAB,2022,25.390263
GAB,2023,25.43429
GAB,2024,25.478327
GAB,2025,25.522366
GEO,2015,8.921567
GEO,2016,8.990205
GEO,2017,9.059509
GEO,2018,9.129238
GEO,2019,9.19931
GEO,2020,9.269391
GEO,2021,9.339468
GEO,2022,9.409541
GEO,2023,9.480185
GEO,2024,9.552205
GEO,2025,9.624223
GHA,2015,27.972466
GHA,2016,28.017717
GHA,2017,28.06298
GHA,2018,28.108232
GHA,2019,28.15347
GHA,2020,28.19872
GHA,2021,28.244267
GHA,2022,28.290676
GHA,2023,28.337067
GHA,2024,28.383474
GHA,2025,28.429869
GIB,2015,18.258259
GIB,2016,18.311596
GIB,2017,18.364544
GIB,2018,18.417501
GIB,2019,18.470547
GIB,2020,18.524307
GIB,2021,18.580862
GIB,2022,18.637941
GIB,2023,18.695015
GIB,2024,18.75606
GIB,2025,18.817762
GRC,2015,15.927839
GRC,2016,15.9841175
GRC,2017,16.040514
GRC,2018,16.097208
GRC,2019,16.153948
GRC,2020,16.210691
GRC,2021,16.267467
GRC,2022,16.321411
GRC,2023,16.373566
GRC,2024,16.427252
GRC,2025,16.48259
GRD,2015,26.919142
GRD,2016,26.929861
GRD,2017,26.944048
GRD,2018,26.964962
GRD,2019,26.99405
GRD,2020,27.026901
GRD,2021,27.063606
GRD,2022,27.100805
GRD,2023,27.138016
GRD,2024,27.174671
GRD,2025,27.217644
GRL,2015,-18.42393
GRL,2016,-18.405521
GRL,2017,-18.387012
GRL,2018,-18.366673
GRL,2019,-18.335953
GRL,2020,-18.25615
GRL,2021,-18.1379
GRL,2022,-17.999737
GRL,2023,-17.83258
GRL,2024,-17.642008
GRL,2025,-17.426006
GUM,2015,27.236359
GUM,2016,27.25615
GUM,2017,27.280607
GUM,2018,27.309814
GUM,2019,27.33903
GUM,2020,27.368244
GUM,2021,27.397465
GUM,2022,27.428387
GUM,2023,27.462765
GUM,2024,27.499662
GUM,2025,27.536577
GGY,2015,12.545285
GGY,2016,12.611835
GGY,2017,12.678366
GGY,2018,12.744905
GGY,2019,12.8114395
GGY,2020,12.877976
GGY,2021,12.94451
GGY,2022,13.011045
GGY,2023,13.077582
GGY,2024,13.144111
GGY,2025,13.210634
GIN,2015,26.313444
GIN,2016,26.355145
GIN,2017,26.396877
GIN,2018,26.439585
GIN,2019,26.482933
GIN,2020,26.527035
GIN,2021,26.571133
GIN,2022,26.615234
GIN,2023,26.659323
GIN,2024,26.703524
GIN,2025,26.747776
GTM,2015,23.532177
GTM,2016,23.573963
GTM,2017,23.615768
GTM,2018,23.657093
GTM,2019,23.698
GTM,2020,23.733839
GTM,2021,23.770317
GTM,2022,23.80716
GTM,2023,23.844
GTM,2024,23.881487
GTM,2025,23.920616
GNB,2015,27.837358
GNB,2016,27.85188
GNB,2017,27.86641
GNB,2018,27.880928
GNB,2019,27.897259
GNB,2020,27.923996
GNB,2021,27.955898
GNB,2022,27.987787
GNB,2023,28.019682
GNB,2024,28.054186
GNB,2025,28.092735
GUY,2015,25.697254
GUY,2016,25.725574
GUY,2017,25.753891
GUY,2018,25.782215
GUY,2019,25.813126
GUY,2020,25.847218
GUY,2021,25.885897
GUY,2022,25.929691
GUY,2023,25.97452
GUY,2024,26.01934
GUY,2025,26.064173
HTI,2015,25.568262
HTI,2016,25.60395
HTI,2017,25.639616
HTI,2018,25.6753
HTI,2019,25.710972
HTI,2020,25.747353
HTI,2021,25.786177
HTI,2022,25.82499
HTI,2023,25.864134
HTI,2024,25.904913
HTI,2025,25.945698
HMD,2015,1.7204539
HMD,2016,1.76507
HMD,2017,1.8096864
HMD,2018,1.854303
HMD,2019,1.8989198
HMD,2020,1.9435357
HMD,2021,1.9917998
HMD,2022,2.0532506
HMD,2023,2.1140237
HMD,2024,2.173503
HMD,2025,2.2333562
HND,2015,23.901339
HND,2016,23.944284
HND,2017,23.987242
HND,2018,24.030195
HND,2019,24.07365
HND,2020,24.118778
HND,2021,24.166384
HND,2022,24.214546
HND,2023,24.262712
HND,2024,24.31087
HND,2025,24.359148
HUN,2015,11.958151
HUN,2016,12.025312
HUN,2017,12.092533
HUN,2018,12.156094
HUN,2019,12.217749
HUN,2020,12.279409
HUN,2021,12.338004
HUN,2022,12.396082
HUN,2023,12.4544
HUN,2024,12.513685
HUN,2025,12.573576
IDN,2015,25.83544
IDN,2016,25.876675
IDN,2017,25.91791
IDN,2018,25.959152
IDN,2019,26.000381
IDN,2020,26.041618
IDN,2021,26.082867
IDN,2022,26.124102
IDN,2023,26.16534
IDN,2024,26.20657
IDN,2025,26.247803
IND,2015,24.758572
IND,2016,24.780485
IND,2017,24.8024
IND,2018,24.82431
IND,2019,24.846228
IND,2020,24.868143
IND,2021,24.891039
IND,2022,24.917492
IND,2023,24.943932
IND,2024,24.973213
IND,2025,25.006514
ISL,2015,2.4888926
ISL,2016,2.5085588
ISL,2017,2.5218885
ISL,2018,2.5316613
ISL,2019,2.5414348
ISL,2020,2.5519056
ISL,2021,2.56471
ISL,2022,2.5822206
ISL,2023,2.605027
ISL,2024,2.6337771
ISL,2025,2.672209
IRL,2015,9.977403
IRL,2016,10.005942
IRL,2017,10.035116
IRL,2018,10.064552
IRL,2019,10.095279
IRL,2020,10.131046
IRL,2021,10.167376
IRL,2022,10.203803
IRL,2023,10.244513
IRL,2024,10.292893
IRL,2025,10.345899
IRN,2015,19.267736
IRN,2016,19.31627
IRN,2017,19.3648
IRN,2018,19.413322
IRN,2019,19.461847
IRN,2020,19.510374
IRN,2021,19.558899
IRN,2022,19.607435
IRN,2023,19.659966
IRN,2024,19.717358
IRN,2025,19.774757
IRQ,2015,23.644213
IRQ,2016,23.698475
IRQ,2017,23.752737
IRQ,2018,23.806995
IRQ,2019,23.861269
IRQ,2020,23.916456
IRQ,2021,23.974619
IRQ,2022,24.032774
IRQ,2023,24.091467
IRQ,2024,24.151869
IRQ,2025,24.212275
IMN,2015,10.698772
IMN,2016,10.729866
IMN,2017,10.760954
IMN,2018,10.792042
IMN,2019,10.8231325
IMN,2020,10.856587
IMN,2021,10.891876
IMN,2022,10.9390745
IMN,2023,10.990098
IMN,2024,11.046804
IMN,2025,11.103516
ISR,2015,20.724907
ISR,2016,20.77824
ISR,2017,20.83155
ISR,2018,20.88487
ISR,2019,20.938202
ISR,2020,20.991522
ISR,2021,21.044025
ISR,2022,21.092487
ISR,2023,21.14094
ISR,2024,21.189396
ISR,2025,21.23762
ITA,2015,13.836851
ITA,2016,13.907583
ITA,2017,13.978619
ITA,2018,14.049754
ITA,2019,14.120888
ITA,2020,14.189127
ITA,2021,14.257347
ITA,2022,14.325576
ITA,2023,14.394143
ITA,2024,14.462732
ITA,2025,14.531324
JAM,2015,26.074734
JAM,2016,26.1262
JAM,2017,26.177671
JAM,2018,26.229147
JAM,2019,26.2806
JAM,2020,26.332071
JAM,2021,26.383543
JAM,2022,26.435005
JAM,2023,26.486473
JAM,2024,26.537743
JAM,2025,26.589252
JEY,2015,12.610191
JEY,2016,12.660442
JEY,2017,12.710687
JEY,2018,12.7614155
JEY,2019,12.812485
JEY,2020,12.863556
JEY,2021,12.914626
JEY,2022,12.966323
JEY,2023,13.0202465
JEY,2024,13.074169
JEY,2025,13.128105
JPN,2015,12.599661
JPN,2016,12.66026
JPN,2017,12.722744
JPN,2018,12.78523
JPN,2019,12.847715
JPN,2020,12.910203
JPN,2021,12.972689
JPN,2022,13.035307
JPN,2023,13.099321
JPN,2024,13.163335
JPN,2025,13.227348
JOR,2015,20.20469
JOR,2016,20.248688
JOR,2017,20.298996
JOR,2018,20.351763
JOR,2019,20.404552
JOR,2020,20.457321
JOR,2021,20.510098
JOR,2022,20.56287
JOR,2023,20.61565
JOR,2024,20.668423
JOR,2025,20.721354
KAZ,2015,7.3614855
KAZ,2016,7.4292336
KAZ,2017,7.49705
KAZ,2018,7.565448
KAZ,2019,7.633846
KAZ,2020,7.7026634
KAZ,2021,7.7730656
KAZ,2022,7.8448143
KAZ,2023,7.9165325
KAZ,2024,7.988314
KAZ,2025,8.061112
KEN,2015,25.703142
KEN,2016,25.736538
KEN,2017,25.769928
KEN,2018,25.803328
KEN,2019,25.83673
KEN,2020,25.870123
KEN,2021,25.907795
KEN,2022,25.945717
KEN,2023,25.983625
KEN,2024,26.021343
KEN,2025,26.058372
KIR,2015,27.026165
KIR,2016,27.06284
KIR,2017,27.099508
KIR,2018,27.136177
KIR,2019,27.17284
KIR,2020,27.209507
KIR,2021,27.250086
KIR,2022,27.290709
KIR,2023,27.331333
KIR,2024,27.371962
KIR,2025,27.414703
KSV,2015,11.117266
KSV,2016,11.174382
KSV,2017,11.231498
KSV,2018,11.288619
KSV,2019,11.345728
KSV,2020,11.407913
KSV,2021,11.47045
KSV,2022,11.53299
KSV,2023,11.596677
KSV,2024,11.660998
KSV,2025,11.726153
KWT,2015,26.698978
KWT,2016,26.750484
KWT,2017,26.801994
KWT,2018,26.85349
KWT,2019,26.904987
KWT,2020,26.956484
KWT,2021,27.007984
KWT,2022,27.059488
KWT,2023,27.110996
KWT,2024,27.162493
KWT,2025,27.213987
KGZ,2015,0.60498774
KGZ,2016,0.63671404
KGZ,2017,0.66802067
KGZ,2018,0.6903986
KGZ,2019,0.7156133
KGZ,2020,0.7522513
KGZ,2021,0.79615146
KGZ,2022,0.83699954
KGZ,2023,0.88883114
KGZ,2024,0.9521624
KGZ,2025,1.0142815
LAO,2015,23.532488
LAO,2016,23.586195
LAO,2017,23.639906
LAO,2018,23.693604
LAO,2019,23.745237
LAO,2020,23.79372
LAO,2021,23.842196
LAO,2022,23.890678
LAO,2023,23.939161
LAO,2024,23.987648
LAO,2025,24.036232
LVA,2015,7.33558
LVA,2016,7.407585
LVA,2017,7.4795995
LVA,2018,7.552502
LVA,2019,7.6236854
LVA,2020,7.6936088
LVA,2021,7.7650967
LVA,2022,7.836584
LVA,2023,7.9081616
LVA,2024,7.9805326
LVA,2025,8.052909
LBN,2015,16.3181
LBN,2016,16.374613
LBN,2017,16.431131
LBN,2018,16.487648
LBN,2019,16.544153
LBN,2020,16.600666
LBN,2021,16.657558
LBN,2022,16.718103
LBN,2023,16.778973
LBN,2024,16.840044
LBN,2025,16.901585
LBR,2015,25.504229
LBR,2016,25.555613
LBR,2017,25.606993
LBR,2018,25.658367
LBR,2019,25.709759
LBR,2020,25.760883
LBR,2021,25.811378
LBR,2022,25.861887
LBR,2023,25.912388
LBR,2024,25.962883
LBR,2025,26.013393
LSO,2015,11.83917
LSO,2016,11.903195
LSO,2017,11.967221
LSO,2018,12.03232
LSO,2019,12.098252
LSO,2020,12.164184
LSO,2021,12.230145
LSO,2022,12.296456
LSO,2023,12.36277
LSO,2024,12.429288
LSO,2025,12.496342
LBY,2015,23.074726
LBY,2016,23.123882
LBY,2017,23.173042
LBY,2018,23.222195
LBY,2019,23.27235
LBY,2020,23.32547
LBY,2021,23.37861
LBY,2022,23.431732
LBY,2023,23.484854
LBY,2024,23.537985
LBY,2025,23.591112
LIE,2015,6.7066607
LIE,2016,6.779636
LIE,2017,6.853986
LIE,2018,6.929893
LIE,2019,7.006562
LIE,2020,7.0753226
LIE,2021,7.1372094
LIE,2022,7.1970344
LIE,2023,7.25686
LIE,2024,7.318157
LIE,2025,7.37526
LTU,2015,7.9710274
LTU,2016,8.043809
LTU,2017,8.117243
LTU,2018,8.190718
LTU,2019,8.2647915
LTU,2020,8.338864
LTU,2021,8.410075
LTU,2022,8.481236
LTU,2023,8.553856
LTU,2024,8.627082
LTU,2025,8.700308
LUX,2015,9.788067
LUX,2016,9.857157
LUX,2017,9.926554
LUX,2018,9.99595
LUX,2019,10.065347
LUX,2020,10.135213
LUX,2021,10.205389
LUX,2022,10.276054
LUX,2023,10.347158
LUX,2024,10.419445
LUX,2025,10.494411
MDG,2015,22.973454
MDG,2016,23.013369
MDG,2017,23.053288
MDG,2018,23.0932
MDG,2019,23.133116
MDG,2020,23.17303
MDG,2021,23.212954
MDG,2022,23.25286
MDG,2023,23.295187
MDG,2024,23.340607
MDG,2025,23.38899
MWI,2015,22.29509
MWI,2016,22.331873
MWI,2017,22.368631
MWI,2018,22.405416
MWI,2019,22.44219
MWI,2020,22.4793
MWI,2021,22.520813
MWI,2022,22.562109
MWI,2023,22.602581
MWI,2024,22.643055
MWI,2025,22.683538
MDV,2015,27.578432
MDV,2016,27.602617
MDV,2017,27.6268
MDV,2018,27.650997
MDV,2019,27.674803
MDV,2020,27.69811
MDV,2021,27.721418
MDV,2022,27.744722
MDV,2023,27.771124
MDV,2024,27.799501
MDV,2025,27.827871
MLI,2015,29.065525
MLI,2016,29.10369
MLI,2017,29.147322
MLI,2018,29.190948
MLI,2019,29.234564
MLI,2020,29.277319
MLI,2021,29.32007
MLI,2022,29.363531
MLI,2023,29.407244
MLI,2024,29.45095
MLI,2025,29.494658
MYS,2015,25.71848
MYS,2016,25.763924
MYS,2017,25.809713
MYS,2018,25.857847
MYS,2019,25.908228
MYS,2020,25.958635
MYS,2021,26.010443
MYS,2022,26.062235
MYS,2023,26.113678
MYS,2024,26.164598
MYS,2025,26.21553
MHL,2015,27.324247
MHL,2016,27.366966
MHL,2017,27.409695
MHL,2018,27.452414
MHL,2019,27.495146
MHL,2020,27.537867
MHL,2021,27.580584
MHL,2022,27.623047
MHL,2023,27.665052
MHL,2024,27.707047
MHL,2025,27.75037
MLT,2015,19.330973
MLT,2016,19.368397
MLT,2017,19.405813
MLT,2018,19.443235
MLT,2019,19.481329
MLT,2020,19.526693
MLT,2021,19.573673
MLT,2022,19.626696
MLT,2023,19.681273
MLT,2024,19.735006
MLT,2025,19.788748
MRT,2015,28.01436
MRT,2016,28.046892
MRT,2017,28.079435
MRT,2018,28.111977
MRT,2019,28.151964
MRT,2020,28.194206
MRT,2021,28.240498
MRT,2022,28.293365
MRT,2023,28.34624
MRT,2024,28.399113
MRT,2025,28.45197
MDA,2015,11.590498
MDA,2016,11.663795
MDA,2017,11.737065
MDA,2018,11.810277
MDA,2019,11.883301
MDA,2020,11.957068
MDA,2021,12.030909
MDA,2022,12.105057
MDA,2023,12.172703
MDA,2024,12.237718
MDA,2025,12.29842
MEX,2015,21.424307
MEX,2016,21.472122
MEX,2017,21.523119
MEX,2018,21.574121
MEX,2019,21.625118
MEX,2020,21.676123
MEX,2021,21.727121
MEX,2022,21.77812
MEX,2023,21.828262
MEX,2024,21.879148
MEX,2025,21.930607
MUS,2015,24.25075
MUS,2016,24.27718
MUS,2017,24.303627
MUS,2018,24.330065
MUS,2019,24.356512
MUS,2020,24.382948
MUS,2021,24.413277
MUS,2022,24.448627
MUS,2023,24.48508
MUS,2024,24.52613
MUS,2025,24.566362
MCO,2015,14.401474
MCO,2016,14.464997
MCO,2017,14.528963
MCO,2018,14.593155
MCO,2019,14.657337
MCO,2020,14.723448
MCO,2021,14.789626
MCO,2022,14.855811
MCO,2023,14.921991
MCO,2024,14.988178
MCO,2025,15.054033
MNE,2015,10.689644
MNE,2016,10.76098
MNE,2017,10.832321
MNE,2018,10.904731
MNE,2019,10.977849
MNE,2020,11.050967
MNE,2021,11.122075
MNE,2022,11.192263
MNE,2023,11.2633
MNE,2024,11.334706
MNE,2025,11.406122
MNG,2015,1.4756572
MNG,2016,1.5173249
MNG,2017,1.5589921
MNG,2018,1.6006587
MNG,2019,1.6353608
MNG,2020,1.6658373
MNG,2021,1.6962972
MNG,2022,1.7285157
MNG,2023,1.7656622
MNG,2024,1.8065047
MNG,2025,1.8467118
MAR,2015,19.35114
MAR,2016,19.387331
MAR,2017,19.426422
MAR,2018,19.467909
MAR,2019,19.512453
MAR,2020,19.563702
MAR,2021,19.61395
MAR,2022,19.66208
MAR,2023,19.71232
MAR,2024,19.763966
MAR,2025,19.815615
MOZ,2015,24.107332
MOZ,2016,24.152878
MOZ,2017,24.200745
MOZ,2018,24.248625
MOZ,2019,24.2965
MOZ,2020,24.344374
MOZ,2021,24.392246
MOZ,2022,24.442
MOZ,2023,24.494684
MOZ,2024,24.548794
MOZ,2025,24.604492
MSR,2015,26.451733
MSR,2016,26.466347
MSR,2017,26.48093
MSR,2018,26.497652
MSR,2019,26.519817
MSR,2020,26.547289
MSR,2021,26.579256
MSR,2022,26.615652
MSR,2023,26.65203
MSR,2024,26.691063
MSR,2025,26.732674
MMR,2015,23.99927
MMR,2016,24.039648
MMR,2017,24.080137
MMR,2018,24.12063
MMR,2019,24.161137
MMR,2020,24.204739
MMR,2021,24.25054
MMR,2022,24.296349
MMR,2023,24.342161
MMR,2024,24.387974
MMR,2025,24.433784
NAM,2015,22.07271
NAM,2016,22.126974
NAM,2017,22.181221
NAM,2018,22.235508
NAM,2019,22.290287
NAM,2020,22.34616
NAM,2021,22.408672
NAM,2022,22.47799
NAM,2023,22.548822
NAM,2024,22.61528
NAM,2025,22.680895
NRU,2015,27.614859
NRU,2016,27.65226
NRU,2017,27.689661
NRU,2018,27.725748
NRU,2019,27.761768
NRU,2020,27.79781
NRU,2021,27.83384
NRU,2022,27.869867
NRU,2023,27.908237
NRU,2024,27.951223
NRU,2025,27.994207
NCL,2015,23.158863
NCL,2016,23.18269
NCL,2017,23.206522
NCL,2018,23.230358
NCL,2019,23.261526
NCL,2020,23.296713
NCL,2021,23.33906
NCL,2022,23.38172
NCL,2023,23.430805
NCL,2024,23.479904
NCL,2025,23.528984
NLD,2015,10.695173
NLD,2016,10.765869
NLD,2017,10.837538
NLD,2018,10.909208
NLD,2019,10.980879
NLD,2020,11.05335
NLD,2021,11.126267
NLD,2022,11.199615
NLD,2023,11.272994
NLD,2024,11.346382
NLD,2025,11.419872
NPL,2015,12.789494
NPL,2016,12.801839
NPL,2017,12.814192
NPL,2018,12.82654
NPL,2019,12.842212
NPL,2020,12.860088
NPL,2021,12.879269
NPL,2022,12.907935
NPL,2023,12.942427
NPL,2024,12.980029
NPL,2025,13.024278
NER,2015,27.833885
NER,2016,27.87291
NER,2017,27.911993
NER,2018,27.951069
NER,2019,27.99013
NER,2020,28.029202
NER,2021,28.068264
NER,2022,28.110031
NER,2023,28.154375
NER,2024,28.198708
NER,2025,28.245676
NIC,2015,25.74256
NIC,2016,25.776892
NIC,2017,25.81123
NIC,2018,25.845568
NIC,2019,25.880491
NIC,2020,25.918724
NIC,2021,25.956953
NIC,2022,25.9952
NIC,2023,26.03369
NIC,2024,26.072163
NIC,2025,26.110636
NZL,2015,10.489101
NZL,2016,10.556818
NZL,2017,10.624379
NZL,2018,10.691908
NZL,2019,10.759436
NZL,2020,10.8268385
NZL,2021,10.894245
NZL,2022,10.961082
NZL,2023,11.027573
NZL,2024,11.094064
NZL,2025,11.160815
NFK,2015,20.234428
NFK,2016,20.262932
NFK,2017,20.291431
NFK,2018,20.319933
NFK,2019,20.348427
NFK,2020,20.376934
NFK,2021,20.40543
NFK,2022,20.439241
NFK,2023,20.476807
NFK,2024,20.52215
NFK,2025,20.570656
NGA,2015,27.803846
NGA,2016,27.833553
NGA,2017,27.86325
NGA,2018,27.892963
NGA,2019,27.922663
NGA,2020,27.953875
NGA,2021,27.99162
NGA,2022,28.031025
NGA,2023,28.070429
NGA,2024,28.111061
NGA,2025,28.152727
NIU,2015,25.458263
NIU,2016,25.485544
NIU,2017,25.515778
NIU,2018,25.550201
NIU,2019,25.584625
NIU,2020,25.619064
NIU,2021,25.653496
NIU,2022,25.687946
NIU,2023,25.723082
NIU,2024,25.75963
NIU,2025,25.797447
MKD,2015,11.909047
MKD,2016,11.97806
MKD,2017,12.043432
MKD,2018,12.108812
MKD,2019,12.174185
MKD,2020,12.239557
MKD,2021,12.305325
MKD,2022,12.37278
MKD,2023,12.440383
MKD,2024,12.507985
MKD,2025,12.575586
MNP,2015,27.288116
MNP,2016,27.312765
MNP,2017,27.337404
MNP,2018,27.362043
MNP,2019,27.389114
MNP,2020,27.42259
MNP,2021,27.457436
MNP,2022,27.494112
MNP,2023,27.530794
MNP,2024,27.568998
MNP,2025,27.614262
NOR,2015,3.0908535
NOR,2016,3.121721
NOR,2017,3.1626523
NOR,2018,3.209988
NOR,2019,3.257233
NOR,2020,3.3039246
NOR,2021,3.3506153
NOR,2022,3.397541
NOR,2023,3.4487517
NOR,2024,3.4999013
NOR,2025,3.5485861
OMN,2015,28.151148
OMN,2016,28.174664
OMN,2017,28.198185
OMN,2018,28.221697
OMN,2019,28.245226
OMN,2020,28.268747
OMN,2021,28.292261
OMN,2022,28.321606
OMN,2023,28.354702
OMN,2024,28.394032
OMN,2025,28.433355
PAK,2015,21.12442
PAK,2016,21.16458
PAK,2017,21.204742
PAK,2018,21.244896
PAK,2019,21.285255
PAK,2020,21.325636
PAK,2021,21.36602
PAK,2022,21.406397
PAK,2023,21.446781
PAK,2024,21.487165
PAK,2025,21.527546
PLW,2015,27.317654
PLW,2016,27.343292
PLW,2017,27.36893
PLW,2018,27.39515
PLW,2019,27.423971
PLW,2020,27.453524
PLW,2021,27.483986
PLW,2022,27.516165
PLW,2023,27.550596
PLW,2024,27.58501
PLW,2025,27.619818
PAN,2015,25.575243
PAN,2016,25.616564
PAN,2017,25.657898
PAN,2018,25.699215
PAN,2019,25.74055
PAN,2020,25.780943
PAN,2021,25.821234
PAN,2022,25.861502
PAN,2023,25.90428
PAN,2024,25.949835
PAN,2025,25.995396
PNG,2015,23.703066
PNG,2016,23.732414
PNG,2017,23.761765
PNG,2018,23.791117
PNG,2019,23.820976
PNG,2020,23.854286
PNG,2021,23.89078
PNG,2022,23.93409
PNG,2023,23.988365
PNG,2024,24.04465
PNG,2025,24.10124
PRY,2015,24.088856
PRY,2016,24.142614
PRY,2017,24.196367
PRY,2018,24.250124
PRY,2019,24.303875
PRY,2020,24.35576
PRY,2021,24.402832
PRY,2022,24.449915
PRY,2023,24.496986
PRY,2024,24.544064
PRY,2025,24.591135
PCN,2015,23.564474
PCN,2016,23.58038
PCN,2017,23.598583
PCN,2018,23.6168
PCN,2019,23.635004
PCN,2020,23.653357
PCN,2021,23.67733
PCN,2022,23.701914
PCN,2023,23.7328
PCN,2024,23.763807
PCN,2025,23.794832
PER,2015,18.816101
PER,2016,18.849281
PER,2017,18.888906
PER,2018,18.932114
PER,2019,18.982658
PER,2020,19.033796
PER,2021,19.088049
PER,2022,19.146933
PER,2023,19.206362
PER,2024,19.270672
PER,2025,19.334982
PHL,2015,26.777622
PHL,2016,26.823376
PHL,2017,26.869122
PHL,2018,26.914867
PHL,2019,26.960615
PHL,2020,27.006365
PHL,2021,27.052116
PHL,2022,27.097868
PHL,2023,27.143612
PHL,2024,27.189367
PHL,2025,27.235113
POL,2015,9.57956
POL,2016,9.654294
POL,2017,9.729022
POL,2018,9.80333
POL,2019,9.874613
POL,2020,9.946496
POL,2021,10.018282
POL,2022,10.090795
POL,2023,10.164493
POL,2024,10.238259
POL,2025,10.312154
PRI,2015,25.679773
PRI,2016,25.704742
PRI,2017,25.72971
PRI,2018,25.7626
PRI,2019,25.796782
PRI,2020,25.831036
PRI,2021,25.864326
PRI,2022,25.897642
PRI,2023,25.934319
PRI,2024,25.970991
PRI,2025,26.007778
PRT,2015,15.780463
PRT,2016,15.818658
PRT,2017,15.85825
PRT,2018,15.8985195
PRT,2019,15.939386
PRT,2020,15.982718
PRT,2021,16.030258
PRT,2022,16.081636
PRT,2023,16.137867
PRT,2024,16.197124
PRT,2025,16.256594
KOR,2015,13.069934
KOR,2016,13.110731
KOR,2017,13.152806
KOR,2018,13.195497
KOR,2019,13.238188
KOR,2020,13.280878
KOR,2021,13.3222275
KOR,2022,13.360781
KOR,2023,13.401282
KOR,2024,13.449763
KOR,2025,13.496008
QAT,2015,28.35828
QAT,2016,28.401701
QAT,2017,28.445847
QAT,2018,28.489998
QAT,2019,28.530111
QAT,2020,28.568617
QAT,2021,28.607141
QAT,2022,28.645643
QAT,2023,28.684149
QAT,2024,28.72265
QAT,2025,28.761156
VEN,2015,25.824783
VEN,2016,25.860525
VEN,2017,25.896255
VEN,2018,25.932007
VEN,2019,25.967743
VEN,2020,26.003473
VEN,2021,26.03977
VEN,2022,26.079039
VEN,2023,26.121387
VEN,2024,26.163742
VEN,2025,26.206083
ROU,2015,10.520831
ROU,2016,10.588479
ROU,2017,10.656185
ROU,2018,10.723886
ROU,2019,10.79318
ROU,2020,10.864099
ROU,2021,10.935523
ROU,2022,11.007371
ROU,2023,11.079213
ROU,2024,11.151052
ROU,2025,11.222903
RUS,2015,-3.1908653
RUS,2016,-3.0878575
RUS,2017,-2.9820316
RUS,2018,-2.8354275
RUS,2019,-2.7213392
RUS,2020,-2.6210978
RUS,2021,-2.5138657
RUS,2022,-2.4022324
RUS,2023,-2.2809687
RUS,2024,-2.1608691
RUS,2025,-2.0449402
YEM,2015,26.117634
YEM,2016,26.146383
YEM,2017,26.175146
YEM,2018,26.203896
YEM,2019,26.232655
YEM,2020,26.263412
YEM,2021,26.29719
YEM,2022,26.335823
YEM,2023,26.376852
YEM,2024,26.417877
YEM,2025,26.464457
KNA,2015,26.734976
KNA,2016,26.747225
KNA,2017,26.771242
KNA,2018,26.80131
KNA,2019,26.833256
KNA,2020,26.865198
KNA,2021,26.89715
KNA,2022,26.933174
KNA,2023,26.969826
KNA,2024,27.00648
KNA,2025,27.043135
RWA,2015,19.877071
RWA,2016,19.924986
RWA,2017,19.976532
RWA,2018,20.026176
RWA,2019,20.072704
RWA,2020,20.119236
RWA,2021,20.165758
RWA,2022,20.214882
RWA,2023,20.270044
RWA,2024,20.32551
RWA,2025,20.382015
SHN,2015,19.179003
SHN,2016,19.206396
SHN,2017,19.239445
SHN,2018,19.27652
SHN,2019,19.313595
SHN,2020,19.35067
SHN,2021,19.387747
SHN,2022,19.433428
SHN,2023,19.483143
SHN,2024,19.533466
SHN,2025,19.584736
BLM,2015,26.378384
BLM,2016,26.388962
BLM,2017,26.401402
BLM,2018,26.421535
BLM,2019,26.446756
BLM,2020,26.471968
BLM,2021,26.497171
BLM,2022,26.52658
BLM,2023,26.557123
BLM,2024,26.587662
BLM,2025,26.61821
LCA,2015,26.840046
LCA,2016,26.8702
LCA,2017,26.900352
LCA,2018,26.930717
LCA,2019,26.9611
LCA,2020,26.991484
LCA,2021,27.021872
LCA,2022,27.052256
LCA,2023,27.08265
LCA,2024,27.113022
LCA,2025,27.143406
VCT,2015,26.710236
VCT,2016,26.729889
VCT,2017,26.749535
VCT,2018,26.769186
VCT,2019,26.788837
VCT,2020,26.812506
VCT,2021,26.837923
VCT,2022,26.867584
VCT,2023,26.897995
VCT,2024,26.93202
VCT,2025,26.967445
MAF,2015,26.439787
MAF,2016,26.457943
MAF,2017,26.477547
MAF,2018,26.502563
MAF,2019,26.527586
MAF,2020,26.552599
MAF,2021,26.577621
MAF,2022,26.60265
MAF,2023,26.629442
MAF,2024,26.657051
MAF,2025,26.684677
SPM,2015,6.6003265
SPM,2016,6.656159
SPM,2017,6.711986
SPM,2018,6.7678194
SPM,2019,6.8236494
SPM,2020,6.8794813
SPM,2021,6.935312
SPM,2022,6.9923806
SPM,2023,7.0502925
SPM,2024,7.109485
SPM,2025,7.169304
WSM,2015,26.268288
WSM,2016,26.303732
WSM,2017,26.339151
WSM,2018,26.374588
WSM,2019,26.410017
WSM,2020,26.445457
WSM,2021,26.480894
WSM,2022,26.516329
WSM,2023,26.551767
WSM,2024,26.586784
WSM,2025,26.622252
SAU,2015,26.699097
SAU,2016,26.749508
SAU,2017,26.79993
SAU,2018,26.850359
SAU,2019,26.90077
SAU,2020,26.951185
SAU,2021,27.001604
SAU,2022,27.052034
SAU,2023,27.102436
SAU,2024,27.152855
SAU,2025,27.20328
SEN,2015,29.541197
SEN,2016,29.56616
SEN,2017,29.591312
SEN,2018,29.616526
SEN,2019,29.646597
SEN,2020,29.680529
SEN,2021,29.71439
SEN,2022,29.751135
SEN,2023,29.788046
SEN,2024,29.826141
SEN,2025,29.866732
SMR,2015,12.696968
SMR,2016,12.744042
SMR,2017,12.79111
SMR,2018,12.839821
SMR,2019,12.893487
SMR,2020,12.947802
SMR,2021,13.002115
SMR,2022,13.056611
SMR,2023,13.111483
SMR,2024,13.166363
SMR,2025,13.221235
SLE,2015,26.055534
SLE,2016,26.110445
SLE,2017,26.166315
SLE,2018,26.222267
SLE,2019,26.278217
SLE,2020,26.33417
SLE,2021,26.390125
SLE,2022,26.446068
SLE,2023,26.502026
SLE,2024,26.560846
SLE,2025,26.621576
SRB,2015,12.026898
SRB,2016,12.092708
SRB,2017,12.159351
SRB,2018,12.226001
SRB,2019,12.292772
SRB,2020,12.359652
SRB,2021,12.4283495
SRB,2022,12.497887
SRB,2023,12.568856
SRB,2024,12.641744
SRB,2025,12.71471
SYC,2015,26.702026
SYC,2016,26.729235
SYC,2017,26.756447
SYC,2018,26.783669
SYC,2019,26.810867
SYC,2020,26.83808
SYC,2021,26.867706
SYC,2022,26.907148
SYC,2023,26.946592
SYC,2024,26.986032
SYC,2025,27.025782
SGP,2015,27.475086
SGP,2016,27.513123
SGP,2017,27.551157
SGP,2018,27.590475
SGP,2019,27.63112
SGP,2020,27.673498
SGP,2021,27.715866
SGP,2022,27.758244
SGP,2023,27.800613
SGP,2024,27.842985
SGP,2025,27.885359
SVK,2015,9.391635
SVK,2016,9.459869
SVK,2017,9.528097
SVK,2018,9.596332
SVK,2019,9.664646
SVK,2020,9.733448
SVK,2021,9.80225
SVK,2022,9.871061
SVK,2023,9.940442
SVK,2024,10.009824
SVK,2025,10.080551
SXM,2015,26.542248
SXM,2016,26.556946
SXM,2017,26.571913
SXM,2018,26.586887
SXM,2019,26.602444
SXM,2020,26.618074
SXM,2021,26.633696
SXM,2022,26.65916
SXM,2023,26.690601
SXM,2024,26.722057
SXM,2025,26.753515
SLB,2015,26.701817
SLB,2016,26.73111
SLB,2017,26.760405
SLB,2018,26.789688
SLB,2019,26.819021
SLB,2020,26.848494
SLB,2021,26.879284
SLB,2022,26.911932
SLB,2023,26.951904
SLB,2024,26.998137
SLB,2025,27.046387
SOM,2015,26.96557
SOM,2016,26.999775
SOM,2017,27.036478
SOM,2018,27.073355
SOM,2019,27.115095
SOM,2020,27.158678
SOM,2021,27.202267
SOM,2022,27.245886
SOM,2023,27.289719
SOM,2024,27.333538
SOM,2025,27.377821
SVN,2015,10.586578
SVN,2016,10.651197
SVN,2017,10.715823
SVN,2018,10.780441
SVN,2019,10.845523
SVN,2020,10.910868
SVN,2021,10.979325
SVN,2022,11.048697
SVN,2023,11.120622
SVN,2024,11.193131
SVN,2025,11.265815
ESP,2015,14.869384
ESP,2016,14.921967
ESP,2017,14.974551
ESP,2018,15.027123
ESP,2019,15.082282
ESP,2020,15.13875
ESP,2021,15.1963825
ESP,2022,15.25641
ESP,2023,15.316454
ESP,2024,15.376491
ESP,2025,15.436525
SSD,2015,27.952518
SSD,2016,28.007713
SSD,2017,28.062912
SSD,2018,28.118113
SSD,2019,28.173325
SSD,2020,28.228552
SSD,2021,28.28601
SSD,2022,28.343464
SSD,2023,28.400913
SSD,2024,28.458372
SSD,2025,28.515818
ZAF,2015,17.987469
ZAF,2016,18.024805
ZAF,2017,18.063505
ZAF,2018,18.109554
ZAF,2019,18.155611
ZAF,2020,18.20167
ZAF,2021,18.24772
ZAF,2022,18.29586
ZAF,2023,18.344694
ZAF,2024,18.397146
ZAF,2025,18.45105
LKA,2015,26.91254
LKA,2016,26.927164
LKA,2017,26.941822
LKA,2018,26.95656
LKA,2019,26.97131
LKA,2020,26.98908
LKA,2021,27.011572
LKA,2022,27.039465
LKA,2023,27.067526
LKA,2024,27.096079
LKA,2025,27.127462
SDN,2015,27.816105
SDN,2016,27.860842
SDN,2017,27.905857
SDN,2018,27.952066
SDN,2019,28.00258
SDN,2020,28.053114
SDN,2021,28.103628
SDN,2022,28.155281
SDN,2023,28.20903
SDN,2024,28.262774
SDN,2025,28.316479
SUR,2015,25.826473
SUR,2016,25.842463
SUR,2017,25.858465
SUR,2018,25.874458
SUR,2019,25.890596
SUR,2020,25.910498
SUR,2021,25.933413
SUR,2022,25.960032
SUR,2023,25.986454
SUR,2024,26.012047
SUR,2025,26.041042
CHE,2015,6.3653784
CHE,2016,6.442728
CHE,2017,6.520078
CHE,2018,6.5974464
CHE,2019,6.6748195
CHE,2020,6.752193
CHE,2021,6.8295646
CHE,2022,6.906938
CHE,2023,6.9843974
CHE,2024,7.0626173
CHE,2025,7.141246
SJM,2015,-5.904435
SJM,2016,-5.751698
SJM,2017,-5.597865
SJM,2018,-5.4422784
SJM,2019,-5.2865014
SJM,2020,-5.1285973
SJM,2021,-4.961214
SJM,2022,-4.783202
SJM,2023,-4.604336
SJM,2024,-4.425103
SJM,2025,-4.245732
SWE,2015,3.950766
SWE,2016,3.999325
SWE,2017,4.043531
SWE,2018,4.087737
SWE,2019,4.142426
SWE,2020,4.2000155
SWE,2021,4.2531734
SWE,2022,4.279154
SWE,2023,4.29853
SWE,2024,4.324063
SWE,2025,4.3488746
STP,2015,26.282692
STP,2016,26.312002
STP,2017,26.341278
STP,2018,26.370752
STP,2019,26.400476
STP,2020,26.43103
STP,2021,26.461584
STP,2022,26.49213
STP,2023,26.522684
STP,2024,26.55323
STP,2025,26.58379
SYR,2015,19.635859
SYR,2016,19.696285
SYR,2017,19.756714
SYR,2018,19.81714
SYR,2019,19.877565
SYR,2020,19.93799
SYR,2021,19.994576
SYR,2022,20.049805
SYR,2023,20.105024
SYR,2024,20.160261
SYR,2025,20.21548
TJK,2015,0.46588117
TJK,2016,0.49681884
TJK,2017,0.5252049
TJK,2018,0.55351853
TJK,2019,0.5818316
TJK,2020,0.6099332
TJK,2021,0.6377744
TJK,2022,0.66725457
TJK,2023,0.69826216
TJK,2024,0.73566365
TJK,2025,0.7882877
BHS,2015,25.815084
BHS,2016,25.86216
BHS,2017,25.910254
BHS,2018,25.958353
BHS,2019,26.006454
BHS,2020,26.054552
BHS,2021,26.10265
BHS,2022,26.150743
BHS,2023,26.198843
BHS,2024,26.246952
BHS,2025,26.295065
THA,2015,26.836657
THA,2016,26.883963
THA,2017,26.931286
THA,2018,26.978588
THA,2019,27.033962
THA,2020,27.09007
THA,2021,27.146154
THA,2022,27.202251
THA,2023,27.258352
THA,2024,27.31445
THA,2025,27.370548
TZA,2015,23.497982
TZA,2016,23.526133
TZA,2017,23.554258
TZA,2018,23.582397
TZA,2019,23.610533
TZA,2020,23.638664
TZA,2021,23.66908
TZA,2022,23.699718
TZA,2023,23.73496
TZA,2024,23.7702
TZA,2025,23.807594
GMB,2015,27.801308
GMB,2016,27.838211
GMB,2017,27.875114
GMB,2018,27.912014
GMB,2019,27.948927
GMB,2020,27.985819
GMB,2021,28.022734
GMB,2022,28.062164
GMB,2023,28.102388
GMB,2024,28.142597
GMB,2025,28.182806
TGO,2015,27.291752
TGO,2016,27.33499
TGO,2017,27.378225
TGO,2018,27.421457
TGO,2019,27.464697
TGO,2020,27.50793
TGO,2021,27.55117
TGO,2022,27.594143
TGO,2023,27.63649
TGO,2024,27.67884
TGO,2025,27.725502
TLS,2015,24.710865
TLS,2016,24.737373
TLS,2017,24.777567
TLS,2018,24.823294
TLS,2019,24.869936
TLS,2020,24.919928
TLS,2021,24.97053
TLS,2022,25.021133
TLS,2023,25.071749
TLS,2024,25.122393
TLS,2025,25.173141
TKL,2015,27.129423
TKL,2016,27.158361
TKL,2017,27.187296
TKL,2018,27.217735
TKL,2019,27.252493
TKL,2020,27.288576
TKL,2021,27.324654
TKL,2022,27.360748
TKL,2023,27.39829
TKL,2024,27.437567
TKL,2025,27.476845
TON,2015,25.063839
TON,2016,25.094334
TON,2017,25.129652
TON,2018,25.164968
TON,2019,25.205303
TON,2020,25.25439
TON,2021,25.303488
TON,2022,25.352585
TON,2023,25.40168
TON,2024,25.450783
TON,2025,25.499685
TTO,2015,26.71243
TTO,2016,26.73865
TTO,2017,26.764858
TTO,2018,26.791063
TTO,2019,26.817287
TTO,2020,26.8435
TTO,2021,26.869713
TTO,2022,26.895924
TTO,2023,26.922146
TTO,2024,26.948357
TTO,2025,26.976858
TCA,2015,26.28747
TCA,2016,26.325935
TCA,2017,26.364397
TCA,2018,26.402857
TCA,2019,26.441322
TCA,2020,26.479782
TCA,2021,26.52062
TCA,2022,26.56305
TCA,2023,26.605482
TCA,2024,26.64791
TCA,2025,26.690346
TKM,2015,17.45315
TKM,2016,17.489601
TKM,2017,17.526058
TKM,2018,17.5625
TKM,2019,17.598953
TKM,2020,17.635405
TKM,2021,17.67192
TKM,2022,17.710798
TKM,2023,17.74979
TKM,2024,17.794716
TKM,2025,17.848803
TUN,2015,20.740667
TUN,2016,20.790741
TUN,2017,20.8408
TUN,2018,20.890865
TUN,2019,20.941612
TUN,2020,20.995241
TUN,2021,21.050104
TUN,2022,21.104979
TUN,2023,21.15984
TUN,2024,21.216616
TUN,2025,21.275248
TUR,2015,11.966137
TUR,2016,12.034106
TUR,2017,12.102091
TUR,2018,12.170883
TUR,2019,12.239712
TUR,2020,12.308538
TUR,2021,12.377372
TUR,2022,12.446199
TUR,2023,12.51503
TUR,2024,12.583861
TUR,2025,12.652684
TUV,2015,27.557621
TUV,2016,27.590149
TUV,2017,27.622671
TUV,2018,27.655203
TUV,2019,27.68773
TUV,2020,27.719797
TUV,2021,27.751434
TUV,2022,27.787577
TUV,2023,27.831343
TUV,2024,27.87598
TUV,2025,27.922058
UMI,2015,25.496506
UMI,2016,25.530535
UMI,2017,25.564568
UMI,2018,25.598593
UMI,2019,25.632622
UMI,2020,25.666666
UMI,2021,25.700535
UMI,2022,25.733532
UMI,2023,25.766518
UMI,2024,25.799503
UMI,2025,25.83305
ARE,2015,28.563442
ARE,2016,28.611593
ARE,2017,28.659733
ARE,2018,28.707874
ARE,2019,28.756012
ARE,2020,28.804167
ARE,2021,28.852299
ARE,2022,28.901865
ARE,2023,28.952267
ARE,2024,29.002657
ARE,2025,29.054722
UGA,2015,23.587563
UGA,2016,23.633331
UGA,2017,23.678547
UGA,2018,23.723433
UGA,2019,23.772093
UGA,2020,23.822294
UGA,2021,23.872496
UGA,2022,23.922695
UGA,2023,23.9729
UGA,2024,24.023106
UGA,2025,24.074364
UKR,2015,9.781663
UKR,2016,9.860598
UKR,2017,9.939895
UKR,2018,10.019394
UKR,2019,10.098894
UKR,2020,10.17836
UKR,2021,10.25522
UKR,2022,10.332076
UKR,2023,10.408936
UKR,2024,10.4858
UKR,2025,10.561424
GBR,2015,9.767391
GBR,2016,9.805407
GBR,2017,9.846132
GBR,2018,9.887231
GBR,2019,9.928326
GBR,2020,9.970135
GBR,2021,10.017755
GBR,2022,10.069878
GBR,2023,10.130581
GBR,2024,10.193522
GBR,2025,10.256473
USA,2015,10.373819
USA,2016,10.413955
USA,2017,10.454435
USA,2018,10.494917
USA,2019,10.535396
USA,2020,10.576529
USA,2021,10.618838
USA,2022,10.662476
USA,2023,10.712105
USA,2024,10.762777
USA,2025,10.818073
VIR,2015,26.624416
VIR,2016,26.64187
VIR,2017,26.65931
VIR,2018,26.676754
VIR,2019,26.694202
VIR,2020,26.716469
VIR,2021,26.739262
VIR,2022,26.765337
VIR,2023,26.7999
VIR,2024,26.834934
VIR,2025,26.872007
URY,2015,18.107138
URY,2016,18.134
URY,2017,18.160872
URY,2018,18.187756
URY,2019,18.214632
URY,2020,18.24132
URY,2021,18.267553
URY,2022,18.29378
URY,2023,18.321005
URY,2024,18.358526
URY,2025,18.398016
UZB,2015,13.895805
UZB,2016,13.938037
UZB,2017,13.980264
UZB,2018,14.022497
UZB,2019,14.064726
UZB,2020,14.1069565
UZB,2021,14.153612
UZB,2022,14.206312
UZB,2023,14.264182
UZB,2024,14.3266
UZB,2025,14.389214
VUT,2015,25.393106
VUT,2016,25.4223
VUT,2017,25.452723
VUT,2018,25.488003
VUT,2019,25.52504
VUT,2020,25.56251
VUT,2021,25.599985
VUT,2022,25.637455
VUT,2023,25.674936
VUT,2024,25.715517
VUT,2025,25.75844
VAT,2015,16.95871
VAT,2016,17.000675
VAT,2017,17.043064
VAT,2018,17.08546
VAT,2019,17.128176
VAT,2020,17.1712
VAT,2021,17.217386
VAT,2022,17.263573
VAT,2023,17.309763
VAT,2024,17.357597
VAT,2025,17.406092
VNM,2015,24.053022
VNM,2016,24.095123
VNM,2017,24.137224
VNM,2018,24.179335
VNM,2019,24.221432
VNM,2020,24.264242
VNM,2021,24.307888
VNM,2022,24.351524
VNM,2023,24.395163
VNM,2024,24.439781
VNM,2025,24.486624
WLF,2015,27.232527
WLF,2016,27.256762
WLF,2017,27.283588
WLF,2018,27.311497
WLF,2019,27.339382
WLF,2020,27.367283
WLF,2021,27.39923
WLF,2022,27.44077
WLF,2023,27.482307
WLF,2024,27.52385
WLF,2025,27.566572
PSE,2015,20.178705
PSE,2016,20.228745
PSE,2017,20.277828
PSE,2018,20.326918
PSE,2019,20.376005
PSE,2020,20.425093
PSE,2021,20.474373
PSE,2022,20.525862
PSE,2023,20.57822
PSE,2024,20.630587
PSE,2025,20.682951
ZMB,2015,22.410318
ZMB,2016,22.456333
ZMB,2017,22.50235
ZMB,2018,22.548382
ZMB,2019,22.594402
ZMB,2020,22.64043
ZMB,2021,22.688755
ZMB,2022,22.738087
ZMB,2023,22.787432
ZMB,2024,22.836765
ZMB,2025,22.886099
ZWE,2015,21.83861
ZWE,2016,21.885498
ZWE,2017,21.932695
ZWE,2018,21.980099
ZWE,2019,22.027508
ZWE,2020,22.075289
ZWE,2021,22.126005
ZWE,2022,22.176722
ZWE,2023,22.227436
ZWE,2024,22.278166
ZWE,2025,22.328882
